,0
0,"Alameda & Bannock, Denver, CO 80223"
1,"Cantara and Wynne, Reseda, CA 91335"
2,"3477 Lily Way, 107, San Jose, CA 95134"
3,"Hancock Street and Johnson, Madison, WI 53703"
4,"1420 South Alamo, San Antonio, TX 78210"
5,"747 W Cornelia , Chicago, IL 60657"
6,"3001 Hennepin Ave w Ste 2210, Minneapolis, MN 55408-3520"
7,"Decatur and Gov. Nicholls , New Orleans, LA 70116"
8,"Bottle drop on Lancaster, Salem Or, OR 97301"
9," 2865 W. Elliott Dr, Apt A308, Spokane, WA 99224"
10,"1071 W Martin Luther King Jr Blvd, Los Angeles, CA 90007"
11,"Allstar , Draper, UT 84070"
12,"Hudson & Madrona, St Helena, CA 94574"
13,"Belmont and Columbia rds, Washington, DC 20009"
14,"14 Lexington Ave Apt 2 C, Buffalo, NY 14222"
15,"Intersection of Harris and North St (~341 North St), Boston, MA 02109"
16,"98 Van Ness St, Fenway, MA 02215"
17,"3104 172nd St. NW, Arlington, WA 98223"
18,"14 Edgewater Towne Center Unit 3A, Edgewater, NJ 07020"
19,"333 Sunol St, Unit 313, San Jose, CA 95126"
20,"6510 Tucker Avenue, Mc Lean, VA 22101"
21,"860 The City Dr, Anaheim, CA 92868"
22,"South 6th Street and Virginia Street from Apt #264 balcony, San Jose, CA 95112"
23,"2140 nw Kearney St apt414, Portland, OR 97210"
24,"2170 6th Avenue N, #201, Seattle, WA 98109"
25,"650 E Bidwell, Folsom, CA 95630"
26,"611 Dairy Ashford, Houson, TX 77079"
27,"82nd Drive @ dennys parking lot , Clackamas, OR 97267"
28,"3272 Fuhrman Ave E #218, Seattle, WA 98102"
29,"Corner of K st NW and Vermont from rack in front of Pret a Manger, Washington, DC 20002"
30,"1600 Hillcrest drive apt 2, Manhattan, KS 66502"
31,"NE 7th Ave at Weidler St, Portland, OR 97232"
32,"13425 Community Road (Walmart lot), Poway, CA 92064"
33,"2121 3rd Street Unit 0217, San Francisco, CA 94107"
34,"131 NE MLK JR., Portland, OR 97232"
35,"4th and Mission Sts, San Francisco, CA 94105"
36,"CU Boulder East Campus, Boulder, CO 80303"
37,"Price street offramp Eastside of bridge, Pismo Beach, CA 93433"
38,"Channel & El Dorado Street, San Francisco, CA 94158"
39,"18100 95th street NE, Redmond, WA 98052"
40,"Zinfandel Light Rail Station, Rancho Cordova, CA 95670"
41,"Hi Mount Blvd and Lloyd Street, Milwaukee, WI 53208"
42,"Bedford and Penn, Brooklyn, NY 11249"
43,"dollar tree/3045 north 5th street, Reading, PA 19605"
44,"11th st and Mulberry, Des Moines, IA 50312"
45,"39 Symphony Rd, Unit C, Boston, MA 02115"
46,"5425 Snyder Lane, Cotati, CA 94928"
47,"Seven Corner , Falls Church, VA 22044"
48,"11 W Aloha St. RM, Seattle, WA 98119"
49,"Se 14th and Stark, Portland, OR 97214"
50,"Paul Allen Center, 185 E Stevens Way NE AE100R, Seattle, WA 98195"
51,"2202 W NORTH LOOP BLVD APT 232, Austin, TX 78756"
52,"York Avenue and east 70th street, New York, NY 10065"
53,"Davidson and 36th Street, Charlotte, NC 28205"
54,"Rodeo and Santa Monica, Beverly Hills, CA 90210"
55,"Denton Hall, University of Maryland, College Park, MD 20742"
56,"7905A SE Powell Blvd, Portland, OR 97206"
57,"Home garage, Roseville, MN 55113"
58,"1401 S 10th St Apt 1, Waco, TX 76706"
59,"Missouri and Cotner, Santa Monica, CA"
60,"3121 Main Street apt #153, Philomath, OR 97370"
61,"N Warner and N 19th, Tacoma, WA 98406"
62,"2520 S 8th St apt 401, Minneapolis, MN 55454"
63,"Potrero & 16th Street shopping center Safeway, San Francisco, CA 94107"
64,"Klode Park on Lake Drive, Whitefish Bay, WI 53217"
65,"3917 Centinella Ave/Barbara, Los Angeles, CA 90066"
66,"Calypso Dr & Via Medici, Aptos, CA 95003"
67,"9520 Lucerne, Culver City, CA 90232"
68,"5th and Fir st. @ CVS , San Diego, CA 92112"
69,"448 throckmorton, Mill Valley, CA 94941"
70,"URBAN ORE: 900 Murray St, Berkeley, CA 94710"
71,"Larkin and Filbert, San Francisco, CA 94109"
72,"18227 Bothell Way NE (Seattle Electric Bike), Bothell, WA 98011"
73,"fargo st & kerby st, Portland, OR 97212"
74,"Steuart & Mission Street, San Francisco, CA"
75,"2920 Geneva CT STE 202, Denver, CO 80238"
76,"Virginia Ave. Between Fairbanks and Westwood Way, Culver City, CA 90230"
77,"Officers Gulch , Frisco, CO 80443"
78,"44841 San Pablo , Palm Desert, CA 92260"
79,"Thousand Trails Camp grounds, Seaside, OR"
80,"Thousand Trails Camp Grounds, Seaside, OR"
81,"67th Street N. & Linden, Seattle, WA 98103"
82,"Fox Glen & Ellsworth, Ann Arbor, MI"
83,"Black Rock Park, Phoenixville, PA 19460"
84,"NW43rd st/ 9 Ave NW , Seattle, WA 98107"
85,"Main and summer, Buffalo, NY 14214"
86,"2348 N Harding Ave, Apt. 2, Chicago, IL 60647"
87,"17920 country village dr, Oregon City, OR 97045"
88,"W&OD Trail, Leesburg, VA 20176"
89,"Estuary Cove 1211 East Embarcadero , Oakland, CA 94606"
90,"Surestay 3040 King Avenue West, Billings, MT 59102"
91,"5211 Pacific Concourse Dr #1431 Los Angeles , Los Angels, CA 90045"
92,"5211 Pacific Concourse Dr #1431 Los Angeles , Los Angles, CA 90045"
93,"walmart, 5454 crossings drive, Loomis, CA 95677"
94,"1220 V St., Garage 5, CA Sacramento"
95,"90-50 52nd ave , Flushing, NY 11373"
96,"566 Prospect Street Unit 103, Seattle, WA 98109"
97,"825 E Evelyn #624, Sunnyvale, CA 94086"
98,"222 wall st suit 100, Seattle, WV 98105"
99,"Charles Street outside Mass Eye and Ear, Boston, MA 02114"
100,"Ingles, Ashville, NC 28806"
101,"Ashby and King St., Berkeley, CA 94703"
102,"Across from Pepper Palace, New Orleans, LA 70116"
103,"safeway on 75th& roosevelt, Seattle, WA 98115"
104,"9050 52nd Avenue , Flushing, NY 11373"
105,"19523 AURORA AVE N UNIT 2 SHORELINE WA SHORELINE, WA, Shoreline, WA 98177"
106,"151 Southeast 1st Street, 2004, Miami, FL 33131"
107,"$store w11th, Eugene, OR"
108,"600 patty canyon road, Missoula, MT 59803"
109,"13488 Maxella avenue Apt 566, Marina Del Rey, CA 90292"
110,"750 S. Jefferson Parkway, New Orleans, LA 70131"
111,"2078 Washington s, Dubuque, IA 52001"
112,"732 Lamont St NW APT 301, Washington, DC 20010"
113,"NE Sandy/Broadway & 40th , Portland, OR 97213"
114,"40 street 2th Avenue , Manhattan, NY 10032"
115,"Louisiana and cedar lake rd, St Louis Park, MN 55416"
116,"1202 SW 1st Ave, Gainseville, FL 23601"
117,"1800 Lafayette NE, Albuquerque, NM 87106"
118,"240 Chicago Ave, Minneapolis, MN 55415"
119,"801 Sugaree Ave, Apt 2131, Austin, TX 78757"
120,"7th and Corona, Denver, CO 80218"
121,"3445 NE Williams, Portland, OR 97212"
122,"226 W Laurel, Fort Collins, CO 80521"
123,"Beth Israel Deaconess Medical Center 330 Brookline Ave , Boston, MA 02215"
124,"2550 E River Rd, 14203, Tucson, AZ 85718"
125,"Alhambra Blvd and Eggplant Alley, Sacramento, CA 95816"
126,"7th and Corona, Denver, CO 80218"
127,"3445 NE Williams, Portland, OR 97212"
128,"226 W Laurel, Fort Collins, CO 80521"
129,"Beth Israel Deaconess Medical Center 330 Brookline Ave , Boston, MA 02215"
130,"2550 E River Rd, 14203, Tucson, AZ 85718"
131,"Alhambra Blvd and Eggplant Alley, Sacramento, CA 95816"
132," 701 TC Jester Blvd, Stonewood Apartments, Houston, TX 77008"
133,"Palomares Road / Niles Canyon Road, Castro Valley, CA 94546"
134,"La Riviera Dr and Folsom Blv, Sacramento, CA 95826"
135,"11650 W Pico Blvb, Los Angeles, CA 90064"
136,"3901 Fabian Way, Palo Alto, NC 94303"
137,"1218 w lunt, Chicago, IL 60626"
138,"121 E. 28th St., Apt. A, Vancouver, WA 98663"
139,"22 Greene st, Baltimore, MD 21201"
140,"12726 se division st #29, Portland, OR 97236"
141,"9613 Grove Crest Ln Apt 1712, Charlotte, NC 28262"
142,"950 Mountain View Dr, Apt 14, Lafayette, CA 945493703"
143,"Redwood Highway and bicentennial, Santa Rosa, CA 95401"
144,"5790 Bellaire, New Orleans, LA 70124"
145,"Bike Cage at Harborview Medical Center (view park garage at the end of Alder), Seattle, WA 98104"
146,"533 beach 66 street, Arverne, NY 11692"
147,"7221 SW Macadam, Portable, OR 97219"
148,"301 W Third St., Aberdeen, WA 98520"
149,"Rural and Elliott, Tempe, AZ 85284"
150,"22 n spruce st, #204, Colorado Springs, CO 80905"
151,"Kirk and lancaster Drive, San Jose, CA 95124"
152,"15th and pacific, San Pedro, CA 90731"
153,"Watseka Parking garage, Culver City, CA 90232"
154,"915 Olive , St Louis, MO 63101"
155,"3223 Ortega, San Francisco, CA 94122"
156,"1326 ne. Quincy, Topeka Ks, KS 66608"
157,"15th ave s & s hanford st, Seattle, WA 98144"
158,"77th and Knight St SE, Portland, OR 97206"
159,"15th. And Colorado 7-11, Colorado Springs, CO 80904"
160,"2850 26th ave s, Minneapols, MN 55406"
161,"WinnCo 2100 s Main St, Salt Lake, UT 84115"
162,"UCF, Orlando, FL Building 67"
163,"Clemens Ave, Lansing, MI 48912"
164,"John & 14th, Seattle, WA 98102"
165,"7219 Eagle Rock Drive, Littleton, CO 80125"
166,"La Cholla and River Area, Tucson, AZ 85741"
167,"Quitman and Fulton, Houston, TX 77009-1853"
168,"129 Miller Ave, Suite 900, Mill Valley, CA 94941"
169,"68th and E. 2nd , Scottsdale, AZ 85251"
170,"1122 upas, Mcallen, TX 78501"
171,"Knotts Glen Court and Holley Ave, Chico, CA 95926"
172,"Holley Ave and Knotts Glen Court, Chico, CA 95926"
173,"755 S 11st , Philadelphia, PA 19147"
174,"4225 e Bellevue , Tucson, AZ 85712"
175,"4225 e Bellevue , Tucson, AZ 85712"
176,"Wholefoods /788 S Grand Ave, Los Angeles, CA 90017, Los Angeles, CA 90017"
177,"QFC Parking Lot, Capitol Hill, Broadway and East Pike Street , Seattle, WA 98122"
178,"University of Washington Medical Center 1959 ne pacific street , Seattle, WA 98119"
179,"4311 Alcove Ave unit 14, Studio City, CA 91604"
180,"Wildwood school, Middletown, OH 45042"
181,"Collaborative Health Center, Klamath Falls, OR 97601"
182,"SE 122nd and SE Powell, Portland, OR 97236"
183,"4601 Snelling Ave- Cub Foods, Minneapolis, MN 55406"
184,"31020 NE St, Carnation, WA 98014"
185,"On 84 East near exit 13, Gesham, OR 97230"
186,"645 NW portlave ave, unit 4, Bend, OR 97703"
187,"110 Stony Point Rd., Ste. 105, Santa Rosa, CA 95401"
188,"4525 NE Fremont St, Apt 403, Portland, OR 97213"
189,"Garden grove Blvd and goldenwest st, Garden Grove/Westminster, CA 92845/92683"
190,"25th and highway 235, Wichita, KS"
191,"3698 Parkridge circle, Sarasota, FL 34243"
192,"Boylston Ave and E Olive Way, Seattle, WA 98102"
193,"Moody Towers, University of Houston, Houston, TX 77006"
194,"Kester Ave. & Ramer St., Panorama City, CA 91402"
195,"Kester Ave. & Ramer St., Panorama City, CA 91402"
196,"1900 Westlake Ave N #B3, Seattle, WA 98109"
197,"N Central Ave and W Weldon Ave, Phoenix, AZ 85012"
198,"Jackson & N. Beatty St., Pittsburgh, PA 15206"
199,"471 Acalanes Drive, Unit 24, Sunnyvale, CA 94086"
200,"Buena Vista and R street, Merced, CA 95348"
201,"2005 w 14th Street #100, Tempe, AZ 85281"
202,"1013 Maplehurst Court, Apt. 7, Knoxville, TN 37902"
203,"Highway 101 - between Whipple and Woodside exits, Redwood City, CA 94062"
204,"2004 Lake Shore Ln., Plano, TX 75023"
205,"UA Cancer Center 1801 E Lee St, Tucson, AZ 85724"
206,"Buffalo Trail, Mount Juliet, TN 37122"
207,"12th Ave & Marshall, Portland, OR 97209"
208,"211b ridgewood avenue , Pleasantville, NJ 08232"
209,"Fortune hotel, Las Vegas, NV"
210,"815 HARBOR CLIFF WAY, 252, Oceanside, CA 92054"
211,"4923 N Elgin, Spokane, WA 99205"
212,"9425 s riverside dr apt 1634, Sandy, UT 84070"
213,"9425 s riverside dr apt 1634, Sandy, UT 84070"
214,"Prince & 1st Ave, Tucson, AZ 85705"
215,"Putnam avenue, Brookyn, NY 11216"
216,"4900-4992 E 41st St, Tulsa, OK 74135, Tulsa, OK 74135"
217,"Ryland St./San Pedro, San Jose, CA 95110"
218,"142 Thunder Ridge Rd S, Nederland, CO 80466"
219,"2800 Mission St., San Francico, CA 94110"
220,"96th and 5th ave , New York, NY 10035"
221,"St Mary and I 10 Santa Cruz path, Tucson, AZ 85635"
222,"2152 Avenue F Apt 1, Wichita Falls, TX 76309"
223,"TACOMA/JOHNSON CREEK MAX STATION, Portland, OR 97202"
224,"1910 Garces hwy apt a1, Delano, CA 93215"
225,"1500 NE 15th, Portland, OR 97232"
226,"Along route 62 near cabella’s entrance , Hudson, MA"
227,"306 E 12TH ST, UNIT 806, Kansas, MO 64106"
228,"24th and Castro Streets, San Francisco, CA 94114"
229,"24th and Castro streets, San Francisco, CA 94114"
230,"2828 Silverplume Drive, Apt C1, Fort Collins, CO 80526"
231,"Curry ford Rd & semoran TD Bank, Orlando, FL 32827"
232,"Dropped pin Near Garfield Pl N E, Seattle, WA 98195"
233,"Tchoupitoulas and St James Streets, New Orleans, LA 70130"
234,"22985 climbing rose dr #206 , Moreno Valley, CA 92557"
235,"Napoleon st and Nashville st, New Orleans, LA 70118"
236,"5510 lincolin blvd, Playa Vista, CA"
237,"Sibley Park Main Staging Area , Oakland, CA 94611"
238,"21st&Filbert, Oakland, CO 94607"
239,"S Maestri Place, New Orleans, LA 70130"
240,"1406 NW 62nd St Apt 101, Seattle, WA 98133"
241,"1501 Stallings Drive Apt 58, College Station, TX 77840"
242,"2200 Montopolis Dr #1111, Austin, TX 78741"
243,"Davis Square MBTA Station, Holland St., Somerville, MA 02144"
244,"Royal Street, between Frenchmen and touro, New Orleans, LA 70116"
245,"4011 Whitman Ave N Apt 301, Seattle, WA 98103"
246,"845 Camino De La Reina (near Habit), San Diego, CA 92108"
247,"1Aerospace Blvd, Daytona Beach, FL 32114"
248,"80th and Biscayne, Miami, FL 33138"
249,"Clarendon and Flatbush , Brooklyn, NY 11226"
250,"Robert @ Prytania — Street pole by ATM, New Orleans, LA 70125"
251,"11101 Ulmerton Rd Largo, FL 33778 Store #1701, Largo, FL 33778"
252,"1528 CUNNINGHAM PARC LN, Houston, TX 77055"
253,"460N 400E, Logan, UT 84321"
254,"Chancellor and 16th St., Philadelphia, PA"
255,"1115 17th ave, Apt 104, Seattle, WA 98122"
256,"Campbell and Limberlost , Tucson, AZ 85719"
257,"7710 Old Big Bend Rd, Gibsonton, FL 33534"
258,"3101 20th st, Otherlab, San Francisco, CA 94110"
259,"363 Bioletti Way , Davis, CA 95616"
260,"240 N Bayshore blvd, 213, San Mateo, NC 94401"
261,"151 3rd St (MOMA), San Francisco, CA 94103"
262,"17544 SE Stark St, Portland, OR 97233, Portland, OR 97233"
263,"24th St. Mission BART Station, San Francisco, CA 94110"
264,"Montrose CTA Blue Line Station, Chicago, IL 60641"
265,"9971 E Speedway Blvd, Tucson, AR 85749"
266,"7200 Se Woodstock, Portland, OR 97206"
267,"23rd and Guilford, Baltimore, MD 21218"
268,"Howard St and 7th, San Francisco, CA 94103"
269,"Stevenson,3rd, San Francisco, CA 94105"
270,"1000 E 5th Street, ECU, College Hill Suites, Greenville, NC 27858"
271,"Curtis Hixon Waterfront Park, Tampa, FL 33606"
272,"SE 46th and Belmont, Portland, OR 97215"
273,"Market St @1st Street near Joe and the Juice, San Francisco, CA 94110"
274,"1526 se 40th, Portland, OR 97214"
275,"SE Cesar Chavez and SE Carlton, Portland, OR 97202"
276,"Lankershim and Weddington, North Hollywood, CA 91601"
277,"8671 N Ivanhoe , Portland, OR 97203"
278,"14106 Pacific Avs. S., Tacoma, WA 98444"
279,"Cleveland St. and Park St., Mount Vernon, WA 98273"
280,"1425 Spring Street, Apt 1202, Seattle, WA 98104"
281,"Folsom St and Mapleton Ave, Boulder, CO 80304"
282,"14106 Pacific Avs. S., Tacoma, WA 98444"
283,"414 ECota Street, Santa Barbara, CA 93101"
284,"1403 SW Sunset, Blue Springs, MO 64015"
285,"7111 talbert ave., Huntington Beach, CA 926248"
286,"Walmart on albree, Fremont, CA 94560"
287,"Publix at 13th and University, Gainesville, FL 32601"
288,"9213 Cameron Blvd, Charlotte, NC 28223, Charlotte, NC 28223"
289,"706 Argonne Avenue, Atlanta, GA 30308"
290,"1301 East Belknap, Fort Worth, TX 76102"
291,"On the green line going towards clackamass near division , Portland, OR 97266"
292,"15811 Ambaum Blvd S.W. suite 110, Burien, WA 98166"
293,"1164 S 10th St FL 3, Philadelphia, PA 19147"
294,"18th street btw 3rd avenue and Irving Place, New York, NY 10010"
295,"Palo Alto Caltrain Station, Palo Alto, CA 94301"
296,"325 Fifth St, Brookings, OR 97415"
297,"Bus StationMosquito Rd & Clay St, Placerville, CA 95667"
298,"UNLV campus - White Hall, Las Vegas, NV 89154"
299,"WEST SEATTLE, 41ST AND WALKER, Seattle, WA 98116"
300,"4261 Hunter St, Apt 3f, Long Island City, NY 11101"
301,"1150 4th St SW, Apt 1010, Washington, DC 20024"
302,"233 West Street-Pier 26, New York, NY 10013"
303,"12503 E Alondra Ave, Norwalk, CA 90650"
304,"1 Garrod Drive, Davis, CA 95616"
305,"1625w Olympic Blvd Ste, 701, 31, Los Angeles, CA 90013"
306,"303 E Superior Ave, Chicago, IL 60611"
307,"865 Crosby st nw, Grand Rapid, MI 49525"
308,"500 Port of New Orleans PL, New Orleans, ME 70112"
309,"Church Street Apartment Complex, Torrington, CT 06790"
310,"Colfax and 14th Ave, Denver, CO 80206"
311,"2 Adams street (garage(, Denver, CO 80206"
312,"325 E Main St, Walla Walla, WA 99368"
313,"Erwin st and lankershim, North Hollywood, CA 91601"
314,"801 W Fourth Ave, Stillwater, OK 74074"
315,"18179 Webster Rd APT 107, Gladstone, OR 97027"
316,"Utopia and 59th( Midwestern University), Glendale, AZ 85308"
317,"442 Chickamauga Ave, Knoxville, TN 37917"
318,"2600 Ellsworth Street, Uc Berkeley, CA 94704"
319,"81rstave and 144th st e, Puyallup, WA 98374"
320,"se 30th hawthorne/ clay, Portland, OR 97214"
321,"AFL bowling lanes, Massillon, OH 44646"
322,"3816 Napoleon, New Orleans, LA 70125"
323,"22nd and pennsylvania, San Francisco, CA 94107-2915"
324,"3936 s Jackson , Seattle, WA 98104"
325,"Spoakne, Spoakne, WA 99217"
326,"NE 75th St. & Roosevelt Way NE, Seattle, WA 98115-3214"
327,"International boxing and fitness gym, Queens, NY"
328,"1500 Illinois Street, Golden, CO 80401"
329,"Berkeley Circle & Berkeley Avenue, Los Angeles, CA 90026"
330,"1229 North Northbranch, Chicago, IL 60642"
331,"3627 W148th St, Cleveland, OH 44111"
332,"1073 El Camino Real, Redwood City, CA 94063"
333,"Columbia City Light Rail Station, Seattle, WA 98118"
334,"James L Redman, Plant City, FL 33563"
335,"3304 fuhrman ave, Seattle, WA 98102"
336,"3830 N Morris Blvd, Shorewood, WI 53211, Milwaukee, WI 53211"
337,"2400 Via Mariposa West, 1F, Laguna Woods, CA 92637"
338,"900 W Plum St., 241 Pinon Hall, Fort Collins, CO 80521"
339,"1188 Arques Ave, Sunnyvale, CA"
340,"Prince George's Plaza Metrorail, Hyattsville, MD 20782"
341,"1122 W 6th , Los Angeles, CA 90017"
342,"41st and Navajo, Denver, CO 80211"
343,"UW Light Rail Station, Seattle, WA 98195"
344,"8003 Woodway Dr, apt42, Houston, TX 77063"
345,"220 East Marshall Street, Apt. 22, Harrisonburg, VA 22801"
346,"35th SE Salmon, Portland, OR 97214"
347,"2251 Goss Circle East, Apartment 6, Boulder, CO 80303"
348,"9th and G Street, Eureka, CA 95501"
349,"838 NE 66th St #111, , Seattle, WA 98115"
350,"65 Calumet St, Apt 2, Roxbury Crossing, MA 02120"
351,"11615 S.W. Center Street, Beaverton, OR 97005"
352,"Amante Coffee, 4580 Broadway, Boulder, CO 80304"
353,"Cloverhill Park, Frederick, MD 21702"
354,"1000 hilltop circ, UMBC, Baltimore, MD 21250"
355,"7725 GATEWAY UNIT 2569, Irvine, CA 92618"
356,"Harrison and grace st, Richmond, VA 23220"
357,"110 West Grant St, Apt 14D, Minneapolis, MN 55403"
358,"155 N Wacker Dr, Chicago, IL 60606"
359,"199 N Harvard, Allston, MA 02134"
360,"4001 potter st., apt 59, Eugene, OR 97405"
361,"1410 SE 35th, Portland, OR 97214"
362,"East Silver Street and Campbell ave, Tucson, AZ 85719"
363,"1404 Irma street, Tujunga, CA 91042"
364,"Colfax and 14th, Denver, CO 80206"
365,"6617 orange at , Los Angeles, CA 90046"
366,"3680 Beacon Avenue, Apt 120, Fremont, CA 94538"
367,"49 N 400 W #201, Provo, UT 84601"
368,"Oliver avenue & Kendal Street, San Diego, CA 92109"
369,"1030 Chester Rd, Apt 15, Lansing, MI 48912-4836"
370,"Safeway on Market and Church street, San Francisco, CA 94114"
371,"5135 Del Shannon, North Las Vegas, NV 89031"
372,"5135 Del Shannon, North Las Vegas, NV 89031"
373,"800 Atwater Ave, Bloomington, IN 47405"
374,"By the courthouse, Santa Barbara, CA 93101"
375,"S Garden St & S Olive St, Ventura, CA 93001"
376,"722 E Burleigh, Milwaukee, WI 53212"
377,"EMPIRE STATE BUILDING 33RD STREET, New York, NY"
378,"325 S College Ave #4029, Indianapolis, IN 46204"
379,"NW Broadway and NW Flanders St, Portland, OR 97209"
380,"4740 41 street , Sunnyside, NY 11104"
381,"Clayton Rd and Denkinger , Concord, CA 94519"
382,"Old redwood hwy and McDowell , Petaluma, CA"
383,"3101 Chesapeake Dr, Dumfries, VA 22026"
384,"2565 The Mall St., Honolulu, HI 96823"
385,"eyring chemistry building at the u of u, Salt Lake City, UT 84112"
386,"3175 Cauby Street, apt 309, San Diego, CA 92110"
387,"Ballard/Freemont, Seattle, WA 98103"
388,"Toomer Elementary 65 Rogers Street, Atlanta, GA 30317"
389,"N State and E Washington, Chicago, IL 60611"
390,"2210 Arthur st NE, Minneapolis, MN 55418"
391,"510 sterling drive apt. 104, Bellingham, WA 98226"
392,"1401N Alder, Ellensburg, WA 98926"
393,"9400 E State Rte 350, Raytown, MO 64133"
394,"Target parking lot, 14391 Chantilly Crossing Ln, Chantilly, VA 20151"
395,"1385 Broadway (sw corner 38th & Broadway), New York, NY 10018"
396,"SALT Center, 2nd & Highland, U of A Campus, Tucson, AZ 85719"
397,"Thomas St and Eastlake Ave E, Seattle, WA 98109"
398,"4 Blackfan Circle, Boston, MA 02115"
399,"6300 N Montana, Portland, OR 97217"
400,"36901 45th St, Stillwater, OK 74078"
401,"500 N Martin Jischke Dr, Wiley Residential Hall, West Lafayette, IN 47906"
402,"Madison train station, Madison, NJ 07940"
403,"WhiteLane and Hughes Lane, Bakersfield, CA 93304"
404,"Wabbasso Public Beach, Vero Beach, FL 32963"
405,"91-1110 Hanakahi Street, Ewa Beach, HI 96706"
406,"91-1110 Hanakahi Street, Ewa Beach, HI 96706"
407,"20 N Wacker Drive, Chicago, IL 60606"
408,"California blue line station, Chicago, IL 60647"
409,"504 S Rawlings st, Apt 104, Carbondale, IL 62901"
410,"1040th Street, Tucson, AZ 85721"
411,"4609 Bancroft Street Apt 1, San Diego, CA 92116"
412,"2727 S Havana St, Denver, CO 80014, Denver, CO 80014"
413,"1445 Animal Science Building, courtyard intersection on hill , College Park, MD 20742"
414,"22127 Cimarron parkway, Katy, TX 77450"
415,"11409 Commonwealth Dr., Rockville, MD 20852"
416,"25 Heritage Halls, #3102, Provo, UT 84602"
417,"24th Ave & Fulton, San Francisco, CA 94121"
418,"310 S 4th st unit 1106, Phoenix, AZ 85004"
419,"St Bernard and Broad, New Orleans, LA 70117"
420,"1525 russel St, Baltimore, MD"
421,"107 Ironside Ave, Charlotte, NC 28203"
422,"71 Curtner Ave #80, San Jose, CA 95125"
423,"125th St and 26th Ave NE, Seattle, WA 98125"
424,"2521 Pacific Hwy E. Suite A, Fife, WA 98424"
425,"In front of Johnson Gym UNM, Albuquerque, NM 87106"
426,"921 Myrtle St, Atlanta, GA 30309"
427,"Pine corner Harvard, Seattle, WA 98112"
428,"Montrose Dr, Delmar, NY 12054"
429,"2600 north 6th st , Eureka, CA 95501"
430,"Near Central Business District, Bellingham, WA 98225"
431,"Grosvenor Metro Station, Bethesda, MD 20852"
432,"UCSD Graduate Housing - OMS, La Jolla, CA 92092"
433,"3040 N.E. 127th, Lake City, WA 98125"
434,"2114 S.E Clinton street, Portland, OR 90202"
435,"1788 South Victoria Street Suite B, Ventura, CA 93003"
436,"10101-10175 N Torrey Pines Rd, La Jolla, CA 92037"
437,"California st at 10th Ave, San Francisco, CA 94118"
438,"1982 w grand river ave, Okemos, MI 48864"
439,"3334 w. Dickens Ave. apt 2, Chicago, IL 60647"
440,"Oregon st. and El Cajon Blvd , San Diego, CA 92104"
441,"7/11 @Oregon st. and El Cajon Blvd , San Diego, CA 92104"
442,"elliot and rural rd, Tempe, AZ 85284"
443,"24025 Bothell Everett Hwy, Bothell, WA 98021"
444,"Fell Street and Franklin Street intersection , San Francisco, CA 94102"
445,"Geer St & N Elizabeth St, Durham, NC 27701"
446,"2097 Oak Park Rd. , Pleasant Hill, CA 94523"
447,"On lowerline between burthe and maple, New Orleans, LA 70118"
448,"1st and Nutmeg, San Diego, CA 92103"
449,"1st and Nutmeg, San Diego, CA 92103"
450,"UCF - Campus Parking Lot D, Orlando, FL 32816"
451,"1172 2 nd avenue, Slc, UT 84103"
452,"15817 Front Beach Rd , Panama City Beach, FL 32413"
453,"545 Elma St, Salem, OR"
454,"Menlo Atherton High School, Menlo Park, CA 94035"
455,"N Interstate & N Russet, Portland, OR 97217"
456,"POB 300732, Escondido, CA 92030"
457,"Lincoln Middle School Kearny Ave, Kearny, NJ 07032"
458,"San Vicente and Ocean Ave, Santa Monica, CA 90402"
459,"Mission Street Between 4th & Jessie Street, San Francisco, CA 94103"
460,"Nash Hall Western WA Univ, Bellingham, WA 98225"
461,"355 W Martin Luther King Blvd , Charlotte, NC 28202"
462,"7700 France Ave, Edina, MN 55435"
463,"1600 Kickingbird Rd Apt, Edmond, OK 73034"
464,"Spruce Street & William Street, New York, NY 10038"
465,"1635 Cook St. Apt. 104, Denver, CO 80206"
466,"5250 E Cherry Creek S Dr , Denver, CO 80246"
467,"Hazel st and W 12th st, Chico, CA 95928"
468,"Tracy’s Irish pub, magazine st , New Orleans, LA 70130"
469,"345 Clark Dr, Apt 322, Coralville, IA 52241"
470,"Kingsley and Lake Dr., Asbury Park, NJ 07712"
471,"2250 Calrendon Blvd, Arlington, VA 22201"
472,"Earl Hall , University Of Oregon, OR 97403"
473,"Starr St & Wyckoff Ave, Brooklyn, NY 11237"
474,"11 Main St S, Apt 315, Kirkland, WA 98033"
475,"Ardmore and Blaine SE, Grand Rapids, MI 49507"
476,"6901 Prairie Road NE, 203, Albuquerque, NM 87109"
477,"6858 BEN AVE APT 4, N, CA 91605-6903"
478,"Edgerly Road and Stoneholm Street, Boston, MA 02115"
479,"St. Mary and Hebrard, Lafayette, LA 70503"
480,"Mission Street Between 4th & Jessie Street, San Francisco, CA 94103"
481,"1350 19th St NW, Dupont Circle South Metro exit, Washington, DC 20009"
482,"Four Points Sheraton Hotel, Bellingham, WA 80027-2615"
483,"406 Platt St. , Claremont, CA 91711"
484,"Mc donalds 1264 mendocino ave, Santa Rosa, CA 95401"
485,"Oak flat lookout, Bakersfield, CA 93306"
486,"Chained to a bike rack on the northeast corner of 5th and Main in Longmont, CO on the south side of Winchell's Donuts., Longmont, CO 80501"
487,"4605 southeast 36th, Portland, OR 97202"
488,"1611 East Avenue, Mc Lean, VA 22101"
489,"1502 Wall St, Everett, WA 98201, Everett, WA 98201"
490,"N Dodge Boulevard and E Edison Street, Tucson, AZ 85716"
491,"N Dodge Boulevard and E Edison Street, Tucson, AZ 85716"
492,"Woodbury town center- outside LA Fitness, Irvine, CA 92620"
493,"18111 Nordhoff St., Northridge, CA 91325"
494,"Watermark Tower Garage -- Spring/Western, Seattle, WA 98101"
495,"700 Front St, Trader Joe's, Santa Cruz, CA 95060 "
496,"100 baumer hall, Norte Dame, IN 46556"
497,"100 LINCOLN VILLAGE CIRCLE 303, Larkspur, CA 94939"
498,"Pine Bluff Ave and E Harding St, Orlando, FL 32806"
499,"Room 418 Zonario apt 1001 W StMary rd, Tucson, AZ 85745"
500,"Hollywood/Schrader Boulevard, Los Angeles, CA 90028"
501,"11 SOMERS ST APT 1, Brooklyn, NY 11233"
502,"9525 Blake ln, APT 204, Fairfax, VA 22031"
503,"47xx Ravenna Ave, Seattle, WA 99016"
504,"Roslyn and 6th, Denver, CO 80230"
505,"6th and Roslyn, Denver, CO 80230"
506,"1637 Westbridge, Ft. Collins, CO 80525"
507,"White Center near Saars supermarket, West Seattle, WA 98106"
508,"Shoreline near Oakland Yacht Club, Alameda, CA 94501"
509,"150, Melrose Ave E Apt 105, Seattle, WA 98102"
510,"Morris chico, Albq, NM 87123"
511,"Cheit Ln9, Berkeley, CA 94720"
512,"2000 E main street(Kroger), Columbus, OH 43209"
513,"Metra Station, Arlington Heights, IL 60004"
514,"9th and Ash, Portland, OR"
515,"St. Claud , New Orleans, LA 70117"
516,"Williamson Park, Morrrisville, PA"
517,"1621 Warmsprings ave, Boise, ID 83712"
518,"Flatirons Crossing Mall, Broomfield, CO 80020"
519,"Caltrain #232 Departing Sf At 8:45am, Arriving San Jose 10:11am, CA 94110"
520,"McLeod Hall, Charlottesville, VA 22904"
521,"San Luis Rey/ocean front walk, San Diego, CA 92109"
522,"San Luis Rey/ocean front walk, San Diego, CA 92109"
523,"Hancock St x First St, Ithaca, NY 14850"
524,"myclymmonds high school, Oakland, CA 94601"
525,"2600 Woodhead, Houston, TX 77098"
526,"Downtown TC, Houston, TX 77002"
527,"6 MetroTech Center, Brooklyn, NY 11201"
528,"Grand st and McClurg Court, Chicago, IL 60611"
529,"Cassia and Shoshone st, Boise, ID 83705"
530,"1331 W Craig Rd, North Las Vegas, NV 89032, Las Vegas, NV 89032"
531,"Silver lake Rd & Woodcrest Dr, Mounds View, MN 55112"
532,"Lawrence Plaza off of Speer. (Auraria campus), Denver, CO 80204"
533,"2841 Bryant Ave S Parking Garage, Minneapolis, MN 55408"
534,"14973 s. Foxpointe dr. , Oregon City, OR 97045"
535,"Pleasant at Ashmont Street, Melrose, MA 02176"
536,"2000 M STREET NW, SUITE 200, Washington, DC 20036"
537,"1600 E Chestnut Avenue (Walmart parking lot while sleeping in the vehicle), Yakima, WA"
538,"Near Westlake mall, San Francisco, CA"
539,"Lift Bridge Lane, Fairport, NY 14450"
540,"Journal square station , Journal Square, NJ 07306"
541,"23rd Ave S. and Jackson, Seattle, WA 98144"
542,"817 Commercial Street, Grinnell, IA 50112"
543,"4560 University Way, Seattle, WA 98102"
544,"100 Filmore St, Denver, CO 80206"
545,"6134 WOODMAN AVE APT 102, Van Nuys, CA 91401"
546,"Eastern ave and Cherry Ave, Grand Rapids, MI 49508"
547,"Horticulture Research Farm, Lexington, KY 40514"
548,"37th and O St, Washington, DC 20007"
549,"Bike rack corner NW Vernon Place/ Leary Ave NW, Seattle, WA"
550,"Connecticut Ave in front of DC zoo, Washington, DC"
551,"145 Ee 18th Ave, Eugene, OR 97401"
552,"Mountain View Caltrain Station, Mounting View, CA 94040"
553,"2632 N Prospect Ave, Apt F, Milwaukee, WI 53211"
554,"Physics Building, UC Davis, Davis, CA 95616"
555,"2211 West North Loop Blvd., #235, Austin, TX 78756"
556,"501 Olive St, Seattle, WA 98101"
557,"Salem and Cross St., North End, Boston, MA"
558,"7922 Newman Ave, Portland, OR 97203"
559,"50 South Boulder Circle Apt 5025 , Boulder, CO 80303"
560,"800 Dimond Blvd , Anchorage, AK 99515"
561,"16th and mill, Eugene, OR 97401"
562,"9030 Southwestern Blvd, 3114, Dallas, TX 75214"
563,"5604 Southwest Parkway, 2122, Austin, TX 78735"
564,"830 N Columbia Center boulevard Suite I, Kennewick, WA 99336"
565,"2800 Stevens av, Minneapolis, MN 55408"
566,"Commencement Bay Drive and Vassault, Tacoma, WA 98407"
567,"4455 Sandridge Dr, Roy, UT 84067"
568,"Neutaconkanut Hill Conservancy, Providence, RI 02906"
569,"24th ave and Taylor St, Bellingham, WA 98235"
570,"1249 Dean St BSMT, Brooklyn, NY 11216"
571,"NE Wasco and MLK Blvd, Portland, OR 97232"
572,"1419 Zepol, Santa Fe, NM 87507"
573,"Riverton knolls , West Henrietta, NY 14586 "
574,"E Indiana Ave and Sullivan, Spokane Valley, WA 99216"
575,"3221 Carter ave, Marina Del Rey, CA 90292"
576,"1445 Foxworthy Ave, Suite 60, San Jose, CA 95125"
577,"4801 Fauntleroy Way SW, Fauntleroy Apartments lobby bike rack, Seattle, WA 98116"
578,"Holiday Inn Express, PDX, Portland, OR 97220"
579,"Palm ave and hollister, Imperial Beach, CA 92154"
580,"52nd St & E Thomas Rd, Phoenix, AZ 85018"
581,"NE 45th St/Roosevelt Wy, Seattle, WA 98105"
582,"Randolph/ Hamline, St. Paul, MN"
583,"Intercampus Transitway & 23rd Avenue SE, Minneapolis, MN 55414"
584,"summit ridge place, Longwood, FL 32779"
585,"Riverton knolls , West Henrietta, NY 14586"
586,"6021 S.W. 6th Avenue , Topeka, KS 66615"
587,"84 Mariner St., Apt. 7, Buffalo, NY 14201"
588,"Embassy Towers 2625 Park Ave, Apt 1-S Bridgeport CT 06604, Apt 1-S, Bridgeport, CT 06604"
589,"2155 Delaware Avenue Pet Supplies Plus, Buffalo, NY 14214"
590,"44th St se, Bothell, WA 98012"
591,"2032 Belmont Rd NW, #522, Washington, DC 20009"
592,"2608 nw 59th st apt 1, Seattle, WA 98107"
593,"SW Moody and SW Bond (OHSU CHH building 1), Portland, OR 97239"
594,"Seward and Ridge Ave, Evanston, IL 60202"
595,"2751 Shadow View Drive, B438, Eugene, OR 97408"
596,"Mcdowll and power, Mesa, AZ 85215"
597,"785 Dekalb Ave, apt 1F, Brooklyn, NY 11221"
598,"15th and Platte, Denver, CO 80202"
599,"5001 McKinney ranch pkwy, Mc Kinney, TX 75070"
600,"Starvation Creek State Park, Cascade Locks, OR 97014"
601,"Luna Apartments, 6921 Roosevelt Way Ne, 98115, WA Seattle"
602,"462 POWELL ST. AT O'FARRELL, San Francisco, CA 94102"
603,"114 E 37th, New York, NY 10016"
604,"WeWork, 312 Arizona, Santa Monica, CA 90404"
605,"The Dana on Mission Bay hotel 1710 W Mission Bay Dr, San Diego, CA 92109"
606,"291 E,Berrien, Galesburg, IL 61401"
607,"Creative arts team 101 W 31st. street, New York, NY 10001"
608,"W. Salem Avenue and S. Button Street , Indianola, IA 50125"
609,"1100 Helen Drive, Unit 203, Newark, DE 19702"
610,"The Brodie - 2346 Park Center Drive, Westminster, CO 80234"
611,"225 Fluor Daniel dr, Sugarland, TX 77479"
612,"8650 Gulana Ave H-1 garage, Playa Del Rey, CA 90293"
613,"Redlands and Gulana (Garage of Building D at the lowest level), Playa Del Rey, CA 90293"
614,"1701 1st ave south apt 502, Birmingham, AL 35233"
615,"23805-23801 E Cliff D, Santa Cruz, CA 95062"
616,"30th and Noe Street, San Francisco, CA 94131"
617,"Green and Octavia, San Francisco, CA 94123"
618,"Baptist Church parking lot, Shiprock, NM 87420"
619,"Burnside and NW 20 Place , Portland, OR 97210"
620,"29955 sw Boone’s Ferry Rd, Willsonville Oregon, OR 97070"
621,"University and Herman, San Diego, CA 92104"
622,"University and Herman, San Diego, CA 92104"
623,"prudential center, Cambridge, MA 02116"
624,"15508 Main Street, Duvall, WA 98019"
625,"Broad St CVS, Riverton, NJ 08077"
626,"22 NE Tillamook , Portland, OR 97212-3742"
627,"Telegraph and Victoria, Ventura, CA 93003"
628,"5th St S and 2nd Ave S, Minneapolis, MN 55402"
629,"57th & Chestnut, Philadelphia, PA 19139"
630,"12 E 64th ST APT 4, Savannah, GA 31405"
631,"1250 Skipper Rd Apt 111, Tampa, FL 33613"
632,"1408 Massachusetts Ave # 1414, Cambridge, MA 02138"
633,"200 ARBOR STREET, San Diego, CA 92103"
634," 28th & Baseline, Boulder, CO 80303"
635,"Allison St & Barbara Ann Dr, Arvada, CO 80004"
636,"Bleecker Street between Laguardia Place and Mercer Street, New York, NY 10012"
637,"111 West Davis Street, Apt #2515, Dallas, TX 75208"
638,"4615 8th st NW, Seattle, WA 98107"
639,"Texas Street & Polk Ave, San Diego, CA 92104"
640,"Balboa Park Upass and 6th ave , San Diego, CA 92103"
641,"Binney St. and Longwood Ave., Boston, MA 02115"
642,"1250 Skipper Rd Apt 111, Tampa, FL 33613"
643,"New Hampshire and Georgia Ave NW, Washington, DC 20011"
644,"500 bankside way #212, Sacramento, CA 95835"
645,"16011 Lower Harbor Road, Brookings, OR 97415"
646,"Military Road and Pacific Avenue, Spanaway, WA 98444"
647,"Between east 31st and east 34th st, New York, NY 10001"
648,"cherry and 18th, Seattle, WA"
649,"42d Street NW, Washington, DC 20016"
650,"Lloyd Center LA Fitness, Portland, OR Oregon"
651,"Metuchen Train Station, Metuchen, NJ 08837"
652,"Valhalla 6100 Main St, Houston, TX 77005"
653,"4th Street & Grand Parking Garage, Des Moines, IA 50309"
654,"Stanford Memorial Church, 450 Serra Mall, Building 500, Sanford, CA 94305"
655,"Davis Sq. station, near Somerville Community Path, Somerville, MA 02144"
656,"5700 MARTIN LUTHER KING JR Way, Oakland, CA 94609"
657,"1837 Greenwood Road, Roanoke, VA 24015"
658,"3942 NE Martin Luther King Blvd., Portland, OR 97212"
659,"3432 Brook Trails, Grand Rapids, MI 49508"
660,"565 Columbus Ave., Apt. 3a, Boston, MA 02118"
661,"208 Applegrove Circle, El Dorado Hills, CA 95762"
662,"UNION SQUARE, Geary St., San Francisco, CA 94102"
663,"SE 77th and Lincoln, Portland, OR 97426"
664,"8070F South Lake Drive, Dublin, CA 94568"
665,"1305 San Pablo NE, Albuquerque, NM 87110"
666,"55 E 3rd Ave, Hero City, San Mateo, CA 94401"
667,"405 W Cleveland , Baytown, TX 77520"
668,"Bike rack on Church St & Duboce Avenue, San Francisco, CA 94117"
669,"6471 almaden expwy, San Jose, CA 95120"
670,"10426 16th Ave SW, Seattle, WA 98146, Seattle, WA 98146"
671,"Dallas Noth Tollway S. Spring Creek Parkway exit, Plano, TX 75024"
672,"933 Willowleaf Dr Apt 602, San Jose, CA 95128"
673,"933 Willowleaf Dr Apt 602, San Jose, CA 95128"
674,"817n, 10th str , San Jose, CA 95112"
675,"817n, 10th str , San Jose, CA 95112"
676,"Virginia and 3rd parking garage, Seattle, WA 98101"
677,"Garage Alexander alley, Oxnard, CA 93033"
678,"4435 piedmont ave unit 404, Oakland, CA 94611"
679,"Dadeland South Metrorail Station, Miami, FL 33156"
680,"NE Pacific St overpass to Burke-Gilman Trail overpass, Seattle, WA 98103"
681,"1100 block N Washington St, Denver, CO 80203"
682,"Thorndike St and First St, Cambridge, MA 02141, Boston, MA 02141"
683,"Marble and Stanford, Albuquerque, NM 87106"
684,"1828 11th Ave, Sattle, WA 98122"
685,"3570 e mckinkey, Tacoma, WA 98404"
686,"1701 Wynkoop, Denver, CO 80202"
687,"Cass St and Sapphire St, San Diego, CA 92109"
688,"2827 14th Ave. W, Apt. 4, Seattle, WA 98119"
689,"Wal-Mart Mount Dora, FL, Mount Dora, FL 32757"
690,"1200, 400 Dexter Ave N, Seattle, WA 98109"
691,"Georgia Ave NW and Kenyon st NW, Washington, MD 20010"
692,"Gov Nicholls & Miro st (Treme), New Orleans, LA 70119"
693,"180 Bromley Business Park, Brighton, CO 80601"
694,"4900 S Rio Grande Av, Apt 18A, Orlando, FL 32839-2326"
695,"938 Pearl St, Boulde, CO 80304"
696,"1332 35th st NW, Washington, PA 18224"
697,"575 E 11th Upper Ave, Salt Lake City, Utah, UT 84105"
698,"3835 Baldwin Ave, apt 65, Lincoln, NE 68504"
699,"Bosart Ave and east 17th street, Indianapolis, IN 46201"
700,"219 South Avev, Westfield, NJ 07090"
701,"703 Natoma St, Folsom, CA 95763"
702,"170 Jefferson st (Fisherman's Wharf parking), San Francisco, CA 94111"
703,"2651 NW Thurman st., Apt 304, Portland, OR 97210"
704,"Quincy St NW / 7th St, Washington, DC 20011"
705,"690 32nd St. Apt. 203, Bellingham, WA 98225"
706,"Paul S. Sarbanes Transit Center , Silver Spring, MD 20910"
707,"Jane Clark Park Area, Tacoma, WA 98407"
708,"111 E Oak St #1a, Bozeman, MT 59715"
709,"1050 W Hampden, Englewood, CO 80110"
710,"1601 E Market St - Aggie Suites E, Greensboro, NC 27411"
711,"Near Lifeguard Station 14-16, Fort Lauderdale Beach, FL 33308"
712,"707 continental cicle, Mountain View, CA 94040"
713,"SE 105th ave. and stark, Portland, OR"
714,"Woods pool, Lincoln, NE 68501"
715,"1 North Wacker Dr, Chicago, IL 60606"
716,"Bozeman Ave. and Main St.- North East corner of intersection, Bozeman, MT 59715"
717,"3618 McDonald , St. Louis, MO 63116"
718,"Midtown Mall, Anchorage, AK 99508"
719,"2211 Lomas Blvd NE, Albuquerque, NM 87106, Albuquerque, NM 87110"
720,"5736 NE 33rd, Portland, OR 97211"
721,"37500 North Bend Way SE, Snoqualmie, WA 98065"
722,"45 Antilla Ave, Cora Gables, FL 33134"
723,"5955 E 10th Ave Apt 101, Denver, CO 80220"
724,"2800 Adeline, Berkeley, CA 94703"
725,"NE 24th Street and Evergreen Point Road, Medina, WA 98039"
726,"University of Oregon Knight Library, Eugene, OR 97403"
727,"6600 Brentwood Drive, Cedar Rapids, IA 52402"
728,"NE Alberta & 12th, Portland, OR 97211"
729,"445 Porto Allegre St, Indianapolis, IN 46202"
730,"toole ave & 7th ave, Tucson, AZ 85701"
731,"SE 10th ad Division, Portland, OR"
732,"81140th Ave, San Francisco, CA 94121"
733,"2803 Rio Branco, Farmers Branch (Dal, TX 75234"
734,"Corner of Elysian Fields & Decatur, New Orleans, LA 70117"
735,"2700 E Cherry Creek South Dr, Apt 219, Denver, CO 80209"
736,"2700 E Cherry Creek South Dr Apt 219, Denver, CO 80209"
737,"NE RODNEY & TILLAMOOK, Portland, OR 97212"
738,"Elysian Fields & Decatur, New Orleans, LA 70117"
739,"Blake & 20th, Denver, CO 80202"
740,"NE Alberta Ave and 27th, Portland, OR 97218"
741,"Elysian Fields and N. Derbigny , New Orleans, LA 70117"
742,"5224 SE 72nd Ave, Apt 58, Portland, OR 97206"
743,"Right of the Burke Gilman by Bloedel Hall, Seattle, WA 98105"
744,"Idlewood Ave and Shields Ave, Richmond, VA 23220"
745,"Folsom St and Dore St, San Francisco, CA 94103"
746,"1006 W. Lake St, 321, Minneapolis, MN 55408"
747,"100 west oxford street e203, Philadelphia, PA 19122"
748,"11050 STRATHMORE, Los Angeles, CA 90024"
749,"1315 4th Ave #2503, Seattle, WA 98101"
750,"504 Bay Drive South, Bradenton Beach, FL 34217"
751,"1738 N Capital St, NW BSMT, Washington, DC 20002"
752,"14th street and first ave corner, New York, NY 10009"
753,"1258 State St., Marysville, WA 98270"
754,"2210 Sherman Avenue Apt L0, Evanston, IL 60201"
755,"Wal-Mart 2753 Eastland CenterDr, West Covina, CA 91791"
756,"Intersection of Centennial and Vindicator, Colorado Springs, CO 80919"
757,"Mullanphy @ Tyson, Florissant, MO 63031"
758,"1090 Amsterdam Avenue. Corner of 114 Street. , New York, NY 10025"
759,"Funland Employee Lot, Rehoboth Beach, Delaware, DE 19971"
760,"Guadalupe and Kyrene, Tempe, AZ 85283"
761,"T wing bike house , Seattle, WA 98195"
762,"Connecticut Ave and M St, Washington, DC 20008"
763,"6 Canal Park PH1, Boston, MA 02141"
764,"10200 E Dry Creek Rd, Englewood, CO 80112"
765,"N. Damen Ave. and W. Le Moyne St., Chicago, IL 60622"
766,"18th and Hampshire, San Francisco, CA 94110"
767,"mt pleasant st and Harvard st NW, Washington, DC 20009"
768,"515 Tomahawk Island Drive, Portland, OR 87217"
769,"18th and Wazee, Denver, CO"
770,"3720 Montlake Blvd NE, Seattle, WA 98195, Seattle, WA 98195"
771,"Recker & Thomas, Mesa, AZ 85215"
772,"NE 42nd & NE Wygant, Portland, OR 97218"
773,"1770 S. Williams St. , Apt. 401-S, Denver, CO 80210"
774,"Friley Hall Iowa State University, Ames, IA 50012"
775,"41st & Halsey Trader Joe’s , Portland, OR 97213"
776,"2727 Kings Rd, #1105, Dallas, TX 75219"
777,"Froiland Science Complex, W 33rd St, Sioux Falls, SD 57197"
778,"Bijou Theater bike parking by 13th Ave., Eugene, OR 97403"
779,"315 West 14th Strret, Davis, CA 95616"
780,"S. Harney St. & Corson Ave S., Seattle, WA 98103"
781,"Marshall Avenue and Otis, St Paul, MN 55104"
782,"2020 Wheaton Drive Ramada INN, Bozeman, MT 59715"
783,"2020 Wheat ave Ramada Inn, Bozeman, MT 59715"
784,"318 Campus Drive, Stanford, CA 94305, Palo Alto, Stanford University, CA 94305"
785,"6th Ave and Euclid, Tucson, AZ 85721"
786,"440 US-101, Crescent City, CA 95531"
787,"212 loyola ave Saratoga bike storage, New Orleans, LA 70112"
788,"Old orchard elementary , Valencia, CA 91355"
789,"913 E 11th AVE, Davies Hall, Ellensburg, WA 98926"
790,"761 Penninsula Road, Berth 204, Wilmington, CA 90744"
791,"15663 Azalea Springs Ave., Bakersfield, CA 93314"
792,"250 Municipal Dr Room 123, Richardson, TX 75080"
793,"Intersection of 15th St. and Natoma St., San Francisco, CA"
794,"Seattle Central College 1701 Broadway, Seattle, WA 98122"
795,"West End Avenue and 100th Street, New York, NY 10025"
796,"2625 S. Santa Fe Dr., Unit 1A, Denver, CO 80223"
797,"Stanford Hospital ED, Palo Alto, CA 94304"
798,"Nicollet & 7th St, Minneapolis, MN 55402"
799,"404 Sturdy Rd., Apt A9, Valparaiso, IN 46383"
800,"12901 s.e. cooper st. , Portland, OR 97236"
801,"Sea Otter Festival , Monterey, CA 93908"
802,"S 7th and S Adams , Tacoma, WA 98405"
803,"500 glen wood circle , Monterey, CA 93940"
804,"9082 Florin Way, Upper Marlboro, MD 20772"
805,"14737 Sherman way, Van Nuys, CA 91405"
806,"Around Aurora Mall, Aurora, CO 80011"
807,"kings theatre flatbush ave, Brookyln, NY 17543-1207"
808,"13820 s 44th st., Phx, AZ 85044"
809,"Brooklyn and Lake Shore Avenues, Oakland, CA 94606"
810,"Corner of Jax Brewery, bike rack, New Orleans, LA 70119"
811,"536 14th ST APT 1, San Francisco, CA 94103"
812,"640 louisa, New Orleans, LA 70117"
813,"Pier B-24, Jbphh, HI 96860"
814,"Baronne and common st, New Orleans, LA 70112"
815,"Lombard @ N heppner, Portland, OR 97203"
816,"1240 Barton Hills Dr, Apt 122, Austin, TX 78704"
817,"346 CONNECTICUT ST, 202, Buffalo, NY 14213"
818,"Palo Alto train station, Palo Alto, CA 94301"
819,"807 Taft , Houston, TX 77019"
820,"363 W Charleston St Apt 533, Lincoln, NE 68528"
821,"Southern and Stapely, Mesa, AZ 85201"
822,"516 High St, Ridgeway Sigma, Bellingham, WA 98225"
823,"Upper Park Rd and Wardell Pl, Orlando, FL 32814"
824,"West 7th Harbor Freight, Eugene, OR 97405"
825,"It was stolen somewhere in Camden in a store I was told , Camden, NJ"
826,"2249 Carondelet Strret, New Orleans, LA 70130"
827,"8400 Jamestown Dr, Apt 506, Austin, TX 78758"
828,"Jackson st and Leonard st , Brooklyn, NY 11211"
829,"1400 block 17th Street, Washington, DC 20036"
830,"805 Fremont, Manhattan, KS 66502"
831,"6334 Rainier Ave S, Apt. 110, Seattle, WA 98122"
832,"Montlake and N Pacific Street, Seattle, WA 98105"
833,"In front of burien library, Burien, WA 98166-1917"
834,"201 W Betz Rd, Apartment building 4, Cheney, WA 99004"
835,"290 California Drive, Burlingame 94010, Burlingame, CA 94010"
836,"5560 Lexington Ave, Apt 261, San Jose, CA 95123"
837,"1623 Fifth Street, Davis, CA 95616"
838,"Upton and mikinnon @ National Cab Co Yard, San Francisco, CA 941"
839,"6363 st charles, New Orleans, LA 70118"
840,"1013 st. paul, Baltimore, MD 21202"
841,"Manchaca and Slaughter, Austin, TX 78735"
842,"Crossing between Beverly Street and Causeway Street, Boston, MA 02114"
843,"Davis Square MBTA stop, Somerville, MA 02144"
844,"Target 2831 E Eastland Center Dr, Eest Covina, CA 91791"
845,"1210 Polett Walk, Philadelphia, PA 19122"
846,"Mission St and Steuart St, San Francisco, CA 94105"
847,"Colfax and federal, Denver, CO 80033"
848,"1050 El Camino Real, San Carlos, CA 94070"
849,"801 Moro St Apt 5, Manhattan, KS 66502"
850,"2109 Diamond St (glen park bart), San Francisco, CA 94131"
851,"1111 Engineering Drive, Boulder, CO 80309"
852,"214 SBSt, Lake Worth, FL 33460"
853,"MARC Camden Station, Baltimore, MD 21230"
854,"855 BRANNAN STREET UNIT 571, San Francisco, CA 94103"
855,"111 N Bridgeton Rd Slip 3, Portland, OR 97217"
856,"11th Street and Mount Vernon, Philadelphia, PA 191123"
857,"SeaTac Airport, Seattle, WA 98158"
858,"2800 N Main St 92705, Santa Ana, CA 92705"
859,"8801 St. Thomas Drive, #81, Pasco, WA 99301"
860,"Pony Express Self Storage 180 Bromley Business Pkwy , Brighton, CO 80601"
861,"1035 Broadripple Ave, Indianapolis, IN 46220"
862,"17th and Clayton, San Francisco, CA 94114"
863,"1618 Black Lake Blvd, Olympia, WA"
864,"724 north 30th, Lincoln, NE 68503"
865,"44 Krog Street, Atlanta, GA 30307"
866,"NE Thompson St & MLK, Portland, OR 97212"
867,"Alameda and S Depew, Lakewood, CO 80226"
868,"1301 N AW Grimes Blvd, Round Rock, TX 78665"
869,"2629 Meade Avenue, Apt. B, San Diego, CA 92116"
870,"1st and Morton (B-Line), Bloomington, IN 47404"
871,"150 3rd avenue , Charlestown, MA 02129"
872,"3577 s Kingsburg Cv#22, Magna, UT 84044"
873,"Hemmenway Street, Boston, MA 02115"
874,"715 57th street, Charleston, WV 25304"
875,"100 W89TH ST, New York, NY 10024"
876,"1140 Texas Ave Tolman Hall, Grand Junction, CO 81501"
877,"West Street & 320 Hillcrest Ave, Ames, IA 50014"
878,"Multnomah County Library - Isom Operations Center - 205 NE Russell St, Portland, OR 97212"
879,"quarry lakes n arroyo park , Fremont, CA 94544"
880,"26th and steele, Portland, OR"
881,"915 NW 45th ST, Seattle, WA 98197"
882,"Ann Arbor Pioneer High School. 7th entrance, Ann Arbor, MI 48103"
883,"34th Ave SW & Findlay St, Seattle, WA 98136"
884,"3621french ave , Sacramento, CA 95821"
885,"16th and Newton NW, Washington, DC 20010"
886,"Seattle, 98107, WA 98107"
887,"NE 15TH Ave & Halsey St, Portland, OR 97232"
888,"Federal and mexico, Denver, CO 80236"
889,"Federal and mexico, Denver, CO 80236"
890,"Sequoia and pacific beach drive , San Diego, CA 92109"
891,"Westfield Mall on Market St, San Francisco, CA 94117"
892,"504 Grand St. G1, New York, NY 10002"
893,"Ballard Ave and NW Vernon Pl, Seattle, WA 98107"
894,"8162 Richmond Ave. Apt.1211, Houston, TX 77063"
895,"NE Pacific St and NE Thurston Pl, Seattle, WA 98105"
896,"Art Space commons, Salt Lake City, UT 84101"
897,"Dollar Store off Foster in SE, Portland, OR 97206"
898,"Cedar Road & Fairmount Blvd, Cleveland Heights, OH 44106"
899,"tantra and walden circle, Boulder, CO 80305"
900,"4th & NY Ave NW, Washington, DC DC"
901,"Mountain View Drive, Murray, UT 84107"
902,"Thomas Jefferson’s & K st, Washington, DC 20007"
903,"425 s fairfax, West Hollywood, CA 90048"
904,"Issaquah, Wa 98027, WA 98027"
905,"Target Field, Minneapols, MN 55401"
906,"1824 E Park Place, M Ilwaukee, WI 53211"
907,"Jay st and Johnson st , Brooklyn, NY 11201"
908,"8162 Richmond Ave. Apt.1211, Houston, TX 77063"
909,"SilverLake Fabrication, Mears, MI 49436"
910,"E 42nd Street/Edmund Blvd, Minneapolis, MN 55406"
911,"1700 w. Olive, Springfield, MO 65802"
912,"Haight and Pierce, San Francsico, CA 94117"
913,"7178 N Jackson Ave. , 103, Fresno, CA 93720"
914,"450 Mass Ave, Cambridge, MA"
915,"549 fell street apt 8, San Francisco, CA 94102"
916,"500 E Riverside, Austin, TX 78704"
917,"Brighton Ave and Malvern St, Boston, MA 02215"
918,"New York, United States, NY 10002"
919,"bus 16-dexter; jefferson ave, Detroit, MI"
920,"Garfield St and Graves Ave., San Luis Obispo, CA 93401"
921,"407 S Spalding, Beverly H Ills, CA 90212"
922,"1 North on ramp by 2195 41st Ave, Capitola, CA 95010"
923,"Dobson and University, Mesa, AZ 85201"
924,"Hoover and oxford st, Canton, OH 44703"
925,"5325 58TH ST, Kenosha, WI 531442300"
926,"PO Box 2185, Wolfeboro, ME 03894"
927,"1599 N Williams, Denver, CO 80218"
928,"S 9th and cypress st , Philadelphia, PA 19107"
929,"7001 seaview ave nw, dock g-45, Seattle, WA 98117"
930,"4055 9th Ave NE Apt 201, Seattle, WA 98105"
931,"12722 Millennium Drive, Playa Vista, CA 90094"
932,"72nd Duke St , Portland, OR 97206"
933,"1537 NW 56th St, Unit 214, Seattle, WA 98107"
934,"Baynes street lafayette street, Buffalo, NY 14213"
935,"6th and Lawrence, Tacoma, WA 98406"
936,"2214 Nob Hill Ave N, Seatte, WA 98109"
937,"2901 Ocean Park Blvd #118, Santa Monica, CA 90405"
938,"880 State Road 136 Ste. #1, Baraboo, WI 53913"
939,"938 Pearl, Boulder, CO 80202"
940,"Car wash, 19th Ave and Bell rd, Phoenix, AZ"
941,"9102 Bryant Ct (APT3A), Indianapolis, IN 46250"
942,"1115 17th Ave, APT 301, Seattle, WA 98122"
943,"2400 E 6th St, apt 202, Austin, TX 78702"
944,"Goodman Theatre, Chicago, IL 60601"
945,"301 W Stassney Ln, Unit 1, Austin, TX 78745"
946,"CHICAGO AVE & WASHTENAW, Chicago, IL 60622"
947,"29 DeForest Avenue (CVS), Summit, NJ 07901"
948,"260 Springdale Street Apt. 23, Athens, GA 30606"
949,"San pablo and 40th, Oakland, CA 94612"
950,"4250 Koval Lane, Las Vegas, NV 89109"
951,"4250 Koval Lane, Las Vegas, NV 89109"
952,"340 S Missouri ave, Indianapolis, IN 46255"
953,"4245 Cortona Cove Unit 207, Oviedo, FL 32765"
954,"3rd &Rose, Venice, CA 90291"
955,"515 Lincoln Avenue, San Jose, CA 95126"
956,"45th and Ortega , San Francisco, CA 94122"
957,"Lake Powell Park, 23104 Lakeview Dr., Panama City Beach, FL 32413"
958,"23104 Lakeview Dr., Panama City Beach, FL 32413"
959,"Montana Stairs/Santa Monica Beach Path, Santa Monica, CA 90402"
960,"2126 Isleta Blvd SW #C1, Albuquerque, NM 87105"
961,"2510 47th , Boulder, CO 80301 "
962,"Cosmo Pl & Taylor St, San Francisco, CA 94102"
963,"NE Hogan and NE 23rd St, Gresham, OR 97030"
964,"The bike path, San Jacinto, CA 92582"
965,"1516 Hancock st. , Portland, OR 97212"
966,"6205 W Colfax Ave, RN 2, Lakewood, CO 80226"
967,"1280 NW MADRAS HIGHWAY UNIT 12, Prineville, OR 97754"
968,"3303 SW Bond Ave, Portland, OR 97293"
969,"9610 se eckler , Milwaukie, OR 97222"
970,"Univeristy of Texas at Dallas, Richardson, TX 75080"
971,"Hartsdale Train Station, Hartsdale, NY 10530"
972,"Valley Parkway and the 15, Escondido, CA 92029"
973,"100 Dillon Hall, Norte Dame, IN 46556"
974,"Freret and Cherokee, New Orleans, LA 70115"
975,"Lincoln & Arguello, San Francisco, CA 94122"
976,"Target south bay, 7 Allstate Rd, Dorchester, MA 02125"
977," North 43rd and Evanston, Seattle, WA 98103"
978,"223rd st and western, Torrance, CA 90810"
979,"1600 28th St #1200, Boulder, CO 80301"
980,"14th st and Landers, San Francisco, CA 94114"
981,"Weaver at west spring st, Winooski, VT 05404"
982,"330 e6th ave, Denver, CO 80203"
983,"6429 n Division , Spokane, WA 99208"
984,"53 E State St, Athen, OH 45701"
985,"Juniper & Arch Streets, Philadelphia, PA 19107"
986,"Rosecrans and Hindry, Hawthorne, CA 90250"
987,"17th & State ALBERTSONS, Boise, ID 83702"
988,"8th Ave N & Mercer St, Seattle, WA 98109"
989,"NW corner of Huntington Ave @ Ring Road, Boston, MA 02199"
990,"Ashley Ave & Byron Ave, Bellingham, WA 98229"
991,"Woodley ave. and Rayen st. , North Hills, CA 91343"
992,"2901 s 26th place #1328, Rogers, AR 72758"
993,"From garage at Sacramento and Lyon, San Francisco, CA 94115"
994,"5805 Hollis Court Blvd, Fresh Meadows, NY 11365"
995,"Park Avenue & 56th, New York, NY 11231"
996,"1101 E. Mabel St. Box 299, Room 6056, Tucson, AZ 85719"
997,"1108 N Milwaukee St. Unit 119, Milwaukee, WI 53202"
998,"9818 NW Sandhill Lane, Silverdale, WA 98366"
999,"SW 78th St & SW 63rd Ave, South Miami, FL 33134"
1000,"UDistrict, Seattle, WA 98105"
1001,"33rd and S Lake Ave, Sioux Falls, SD"
1002,"677 Ulloa st, San Francsisco, CA"
1003,"1734 6th Street Northwest, Unit 2, Washington, DC 20001"
1004,"2284 Yewstreet road k5, Bellingham, WA 98229"
1005,"S. Catalina Ave by E. California Blvd, Pasadena, CA 91106"
1006,"877-879 Fulton Street off Clermont, Brooklyn, NY 11238"
1007,"737N 900E, Provo, UT 84606"
1008,"2550 Canyon Blvd (Residence Inn), Boulder, CO 80302"
1009,"2550 Canyon Blvd (Residence Inn), Boulder, CO 80302"
1010,"Wisconsin and K St, Washington, DC 20007"
1011,"Ralphs on lincoln, Venice, CA 90291"
1012,"1017 PEARL STREET, UNIT A, Santa Monica, CA 90405"
1013,"4747 30th Ave NE unit H156 , Seattle, WA 98105"
1014,"North Hollywood Orange Line Station, North Hollywood, CA 91601"
1015,"East 7th Street Between Ave C and D, New York, NY 10009-6078"
1016,"N Ashland Ave & Belmont, Chicago, IL 60657"
1017,"600 Illinois, San Francisco, CA 94107"
1018,"Bowery St and Hester St, New York, NY 10002"
1019,"Be 27th and Pacific, Portland, OR"
1020,"1711 SOUTH 11TH STREET, FL1, Philadelphia, PA 19148"
1021,"721 Edgewod St, Inglewood, CA 90302"
1022,"48800-48806 Ave A, Index, WA 98256"
1023,"2 Irving St, San Francisco, CA 94122, San Francisco, CA 94122"
1024,"Havana and Iola, Denver, CO 80238"
1025,"3803 South Edmunds Street APT#25, Seattle, WA 98118"
1026,"Cole Street & Page Street, San Francisco, CA 94117"
1027,"UW Health Sciences K-wing 1959 ne pacific st., Seattle, WA 98195"
1028,"5130 leary ave nw. Seattle wa, 53rd St 15th Ave Nw., WA 98107"
1029,"26th & Ferdinand, Tacoma, WA"
1030,"4145 Shadow Lane apt 625, Santa Rosa, CA 95405"
1031,"7000 Sunne ln, Walnut Creek, CA 94597"
1032,"7000 Sunne ln, Walnut Creek, CA 94597"
1033,"1100 28th Street Boulder Property Management, Boulder, CO 80303"
1034,"1153 W Belmont, Chicago, IL 60657"
1035,"92443 Cape Arago Hwy, Coos Bay, OR 97420"
1036,"92443 Cape Arago Hwy, Coos Bay, OR 97420"
1037,"8585 spice wood springs road apt 211 , Austin, TX 78759"
1038,"Parthenia St & Lindley Ave, Northridge, CA 91325"
1039,"Franklin and Curfew, St. Paul, MN 55114"
1040,"Park Ave at E 42nd Street, New York, NY 10017"
1041,"400 Clementia Street, San Francisco, CA 94103"
1042,"200 S, Central Campus Dr, Salt Lake City, UT 84112, Salt Lake City, UT 84103"
1043,"10489 Monte Vista Ave Montclair, CA 91763 United States, Montclair, CA 91763"
1044,"556 N 400 E, Provo, UT 84606, Provo, UT 84606"
1045,"Ayer Train Station, Ayer, MA 01432"
1046,"CubeSmart, Broomfield, CO 80020"
1047,"In-between 60th & 63rd on 4th Ave NE, Seattle, WA 98115"
1048,"520 Main Street, Mount Vernon, WA 982273"
1049,"Cambridge and Charles Streets, Boston, MA 02114"
1050,"915 Saint Paul St, Apt 1F, Baltimore, MD 21202"
1051,"2300 16th St Suite 220, San Francisco, CA 94103"
1052,"2800 Aurora Ave Unit 200, Boulder, CO 80303"
1053,"N Front St & Cecil B. Moore Ave, Philadelphia, PA 19122"
1054,"880 Freeway (north of Dixon Landing Exit), Fremont, CA 94538"
1055,"NE Hoyt and 24th, Portland, OR 97232"
1056,"20221 Aurora Ave , Shoreline, WA 98133"
1057,"Catalina (between Mountain & Cress), Laguna Beach, CA 92651"
1058,"North Campus Apartment 14, Lepley Lane, Gambier, OH 43022"
1059,"Atlantis Resort and Casino, Reno, NV 89512"
1060,"660 Parrington Oval, Norman, OK 73019"
1061,"Colusa and Oakview , Kensington, CA 94707"
1062,"655 Goodpasture Island Rd, #37, Eugene, OR 97401"
1063,"Dallor general store, Robstown, TX 78380"
1064,"2225 Buchtel Blvd , Denver, CO 80210"
1065,"86th Colombus Avenue Corner, New, NY 10024"
1066,"122 S. Temple street, Salt Lake City, MD"
1067,"Francisco and Harbour, San Rafael, CA 94901"
1068,"Scott & Union, San Francisco, CA 94123"
1069,"9567 Cedarhurst Ln Unit A, Highlands Ranch, CO 80129"
1070,"3031Telegraph Ave, Berkeley, CA 94705"
1071,"Kentucky Ave and E Cherry Creek S Drive, Denver, CO 80246"
1072,"South U of O campus, Eugene, OR 97403"
1073,"Boston Avenue- Talkington Hall Texas Tech , Lubbock, TX 79406"
1074,"3833 N. Fairview Ave. Unit 15, Tucson, AZ 85705"
1075,"135 4th St, San Francsico, CA 94103"
1076,"1920 Dakota Dr N, Thunder Creek, Fargo, ND 58102"
1077,"Clay Street & 39th Ave, Denver, CO"
1078,"123 Queen Anne Ave N APT 204, Seattle, WA 98109"
1079,"Boston University Housing at Saint Mary's Street, Brookline, MA 02446"
1080,"207 Gough St Apt 57, San Francisco, CA 94102"
1081,"Neil Avenue and King St. , Columbus, OH 43201"
1082,"290east truman Ave. Apt.#7, Salt Lake City, UT 84115"
1083,"374 grand Street, New Y Ork, NY 10002"
1084,"4001B Yancey Rd, Charlotte, NC 28217"
1085,"59th and Chicago, Minneapolis, MN 55417"
1086,"12 Capen Hall, Buffalo, NY 14260"
1087,"Bergen Alley and Hyde Street, San Francisco, TX 94109"
1088,"107 Columbia Heights & Orange Street, Brooklyn, NY 11201"
1089," North Carolina State University, 2800 Cates Ave, Raleigh, NC 27607"
1090,"1550 Country Meadows Blvd , Billings, MT 59102"
1091,"265 Campus Drive, Palo Alto, CA 94305"
1092,"Atlas Condo Bldg 3650 5th Ave unit 412, San Diego, CA 92103"
1093,"1 E Scott St, Apt 2008, Chicago, IL 60610"
1094,"3rd avenue and Pierce rd, Spokane Valley, WA"
1095,"4233 guide meridian 107, Bellingham, WA 98226"
1096,"Lagoon Ave & Humboldt Ave, Minneapolis, MN 55408"
1097,"Underpass between Lawrence Street and Bridge Street , Brooklyn, NY 11201"
1098,"Wells and Schiller, Chicago, IL 60610"
1099,"7001 Elliot Ave., Richfield, MN 55423"
1100,"146 EVERIT ST APT E, New Haven, CT 06511-1345"
1101,"Lazy Days Resort, Tampa, FL"
1102,"Iron Industry Athletics1611 Birchwood Avenue, Bellingham, WA 98225"
1103,"20th Ave NE and NE 77th St, Seattle, WA 98115"
1104,"48771 marina cove , Belleville, MI 48111"
1105,"12th & W Thompson, Philadelphia, PA 19122"
1106,"2806 N. Booth, Milwaukee, WI 53212"
1107,"1220 Brook Ave SE, Minneapolis, MN 55414"
1108,"Near Depot Park, Gainesville, FL 32601"
1109,"Fiji Way and Lincoln Boulevard, Los Angeles, CA 90066"
1110,"Har Mar Cub- Bike Lock area in front of store, Roseville, MN 55113"
1111,"31-46 21st St, Queens, NY 11106 (Between 31st Rd and Dr), Astoria, NY 11106"
1112,"32nd and Vallejo, Denver, CO 80211"
1113,"N cleaver St and West Potomac Ave, Chicago, IL 60642"
1114,"16823 Foothill Blvd, Fontana, CA 92335"
1115,"16823 Foothill Blvd, Fontana, CA 92335"
1116,"SE Main and 30th, Portland, OR 97214"
1117,"UW Medical Center Surgery Pavilion, Seattle, WA 98195"
1118,"1325 North 15th Street Apartment 213, Philadelphia, PA 19121"
1119,"NE Columbia Road and Ferry Place NE, Seattl, WA 98195"
1120,"1101 17th Ave Apt 204, Seattle, WA 98122"
1121,"1416 Pallette St, Denver, CO 80202"
1122,"1416 Palette St, Denver, CO 80202"
1123,"1226 N55th Street, Milwaukee, WI 53208"
1124,"Brummel and Laramie, Skokie, IL 60077"
1125,"Boelter Hall, 580 Portola Plaza, UCLA, Los Angeles, CA 90095"
1126,"Roosevelt Clinic-UW Medicine, Seattle, WA 98105"
1127,"440 NW MADRAS HWY, Prineville, OR 97754"
1128,"3050 south Shoshone , Boise, ID 83705"
1129,"6409 Higham, Alexandria, VA 22310"
1130,"Corner of S. Douglas Rd and Franklin Ave., Coconut Grove, FL 33133"
1131,"13705 Feather Sound Circle East, Clearwater, FL 33762"
1132,"666 W Olympic Pl Apt 402, Seattle, WA 98119"
1133,"502 s evens, Denver, CO 80121"
1134,"900 iliff, Denver, CO 80121"
1135,"Library Bar, Bourbonnais, IL 60914"
1136,"15436 Lakeshore Boulevard, Apt 3, Cleveland, OH 44110"
1137,"Bedstuy, Brooklyn, NY 11206"
1138,"40th St and Seashore, Newport Beach, CA 92663"
1139,"401 Park Drive , Boston, MA 02228"
1140,"euclid and collins, San Francisco, CA 94118"
1141,"3701 canal at, New Orleans, LA 70119"
1142,"3102 Pico Blvd, Santa Monica, CA 90405"
1143,"Main and 2nd , Carbondale, CO 81623"
1144,"RTD Federal Center Station, Lakewood, CO"
1145,"Comanche Drive and Inca Parkway, Boulder, CO 80303"
1146,"Via Galvani 55, Tor Vaianica, OR 97214"
1147,"24025 bothell Everett hwy, Bothell, WA 98021"
1148,"24025 bothell Everett hwy, Bothell, WA 98021"
1149,"24025 bothell Everett hwy SE, Bothell, WA 98021"
1150,"24025 bothell everette hwy, Bothell, WA 98021"
1151,"2580 El Camino Real, Redwood City, CA 94061"
1152,"Comanchee dog park park ave, Chico, CA 95928"
1153,"N Spaulding Ave and W Wellington Ave, Chicago, IL 60618"
1154,"9200 Greenwod Ave N, Seattle, WA 98103"
1155,"Washington and Brant, San Diego, CA 92103"
1156,"2390 SE Hawthorne, Apt 320, Portland, OR 97214"
1157,"Sandhill Loop and Horizon Blvd, Beaverton, OR 97007"
1158,"5236 orchard hills ave, Las Vegas, NV 89130"
1159,"437 New York Ave, NW, Washington, DC 20001"
1160,"17th east 17th south, Salt Lake City, UT 84108"
1161,"Trillium Woods Apt Complex, Beaverton, OR 97007"
1162,"681 Beach Dr, La Selva Beach, CA 95076"
1163,"587 Millburn Avenue, Short Hills, NJ 07078"
1164,"2700 Ranier Ave s, Seattle, WA 98118"
1165,"Pine grove at wrightwood, Chicago, IL"
1166,"George Street and Mildred, Chicago, IL 60657"
1167,"825 N 4th St, APT 317, Columbus, OH 43215"
1168,"814 Telluride Court, Piscataway, NJ 08854"
1169,"814 Telluride Court, Piscataway, NJ 08854"
1170,"River Rd & Hillside Dr, Milwaukie, OR 97267"
1171,"San Vicente/Spaulding, Los Angeles, CA 90019"
1172,"151st stark street, Portland, OR 97233"
1173,"703 Hannah Court, Fenton, MO 63026"
1174,"1325 North Highland Avenue. Apt#15, Clearwater, FL 33755"
1175,"1325 North Highland Avenue. Apt#15, Clearwater, FL 33755"
1176,"Santa Rosa, California, CA"
1177,"1235 wildwood Ave, APT 225, Sunnyvale, CA 94089"
1178,"2630 Jerome Ave, The Bronx, NY 10468, Bronx, NY 10468"
1179,"4424 Gaines Ranch Loop, Austin, TX 78735"
1180,"488 N Main Street, Moab, UT 84532"
1181,"Sky3 Apartment, 1221 SW 11th Ave, Portland, OR 97205"
1182,"Homeless camp linda riverbottoms, Linda, CA 95901"
1183,"962 e 500 s, apt b, Salt Lake City, UT 84102"
1184,"State & Catherine, Ann Arbor, MI 48105"
1185,"Ballard Ave NW & NW Vernon Place (on-street bike rack), Seattle, WA 98107"
1186,"137 W CENTRAL AVE. UNIT B, Monrovia, CA 91016"
1187,"4424 Gaines Ranch Loop, Austin, TX 78735"
1188,"200 Dr Justus Ohage Blvd, Saint Paul, MN 55104"
1189,"Corner of SE 20th Ave and SE Stark St, Portland, OR 97214"
1190,"920 Fifth Ave, Seattle, WA 98104"
1191,"90 Myrtle Street, Apt 6, Boston, MA 02114"
1192,"95th way and 160th, Redmond, WA 98052"
1193,"Wildwood, Montego Bay Resort (Parking Garage), NJ 08260"
1194,"4203 Louisiana Blvd, Albuquerque, NM 87109"
1195,"4203 Louisiana Blvd, Albuquerque, NM 87109"
1196,"299 W. Washington Ave, Apt 421, Sunnyvale, CA 94086"
1197,"573 Edgewood Ave SE, Atlanta, GA 30312"
1198,"215 W. Maple St 311, Milwaukee, WI 53204"
1199,"4500 Sandpoint Way, Seattle, WA 98105"
1200,"PACIFIC AVE X HURRICANE, Venice, CA 90292"
1201,"11540 Pinehurst way NE 3c, Seattle, WA 98125"
1202,"CubeSmart Self Storage, Broomfield, CO 80020"
1203,"Park Drive and Queensberry, Boston, MA 02215"
1204,"525 West 2nd #20, Reno, NV 89503"
1205,"305 ne wygant, Portland, OR 97211"
1206,"305 ne wygant, Portland, OR 97211"
1207,"Alter and Hampton, Grosse Pointe Park, MI 48230"
1208,"Alter and Hampton, Grosse Pointe Park, MI 48230"
1209,"Alter and Hampton, Grosse Pointe Park, MI 48230"
1210,"Alter and Hampton, Grosse Pointe Park, MI 48230"
1211,"Murray and Schools Ferry, Beaverton, OR 97008"
1212,"Hancock St. x First St., Ithaca, NY 14850"
1213,"1520 MockingBird Ln., Apt. 568, Charlotte, NC 28209"
1214,"Shelby St & Sanders St. @ the Goodwill, Indianapolis, IN 46203"
1215,"Greenback in and Folsom blvd, Folsom, CA 95630"
1216,"61st and yarrow, Arvada, CO 80004"
1217,"Kingston, WA 98346, needsync=1"
1218,"NE 63rd street 98105, Seattle, WA 98105"
1219,"Littleton light rail station, Littleton, CO 80120"
1220,"441 Meeting Str, 328, Charleston, SC 29403"
1221,"17th and Anza, San Francisco, CA 94121"
1222,"Huebner and Lockhill Selma, San Antonio, TX 78230"
1223,"SE Cesar E Chavez Blvd. and Holgate St, Portland, OR 97202"
1224,"Ballard Ave and 22nd Street, Seattle, WA"
1225,"Van Ness Ave and Filbert Street, San Francisco, CA 94109"
1226,"1036 Clouet st, New Orlesan, LA 70117"
1227,"4704 52ND ST, Holla Nd, MO 49423-9316"
1228,"Montague and Remsen, Brooklyn Heights, Brooklyn, NY 11201"
1229,"52 Cooper square (and 6th Street), New York, NY 10003"
1230,"4929 skyway Dr. , Jacksonville, FL 32246"
1231,"1800 Burlington Dr., Hickory Corners, MI 49060"
1232,"475 W San Carlos Street, # 5103, San Jose, CA 95110"
1233,"Broadway W58th Street near the corner of Duane Reade and Columbus Circle, Manhattan, NY"
1234,"900w 551s, Salt Lake, UT"
1235,"Republican St. & Broadway, Seattle, WA 98102"
1236,"1932 A P Tureaud, New Orleans, LA 70116"
1237,"165 blossom Hill rd. #222, San Jose, CA 95123"
1238,"1932 A P Tureaud, New Orleans, LA 70116"
1239,"1701 Airport Blvd, San Jose, CA 95110"
1240,"linden and walnut st, Fort Collins, CO 80521"
1241,"Hale and Front Street, Wheaton, IL 60187"
1242,"1349 W Belmont Ave 3E, Chicago, IL 60657"
1243,"Green Lake East Swimming Beach, Seattle, WA"
1244,"8196 S Clover Springs Ln, Cottonwood Heights, UT 84121"
1245,"217 Sunny Meadow Dr, Winston Salem, NC 27106"
1246,"Poplar and 13th, Leadville, CO 80461"
1247,"108 S COURTHOUSE RD APT 2164, Arlington, VA 22204"
1248,"4900 200TH ST SW C306, Lynnwood, WA 98036"
1249,"4900 200TH ST SW C306, Lynnwood, WA 98036"
1250,"Idaho Ave W, Falcon Heights, MN 55108"
1251,"Verndale avenue 3005 Anoka, 55303 mn, Anoka, MN 55309"
1252,"57 College Ave NE, Apt 1, Grand Rapids, MI 49503"
1253,"California & 18th, Denver, CO 80202"
1254,"48th St. & Nevada Ave., Nashville, TN 37209"
1255," Ridge Road & Ulmerton Road, Largo, FL 33778"
1256,"St. Botolph St. corner with Durham St., Boston, MA 02118"
1257,"715 E Pine St, Seattle, WA 91822"
1258,"350 11th Ave unit 924, San Diego, CA 92101"
1259,"10393 Reed St , Westminister, CO 80021"
1260,"maple/oldlyme, Buffalo, NY 14221"
1261,"17th ave. And Lafayette , Denver, CO"
1262,"5th Street NE Between F and G Street NE, Washington, DC 20002"
1263,"5th Street NE Between F & G Street NE, Washington, DC 20002"
1264,"19-70 81st, Astoria Heights, NY 11370"
1265,"358 Blue River Pkwy #H, Silverthorne, CO 80498"
1266,"27th between Larimer and Lawrence, Denver, CO 80205"
1267,"27th between Larimer and Lawrence, Denver, CO 80205"
1268,"5601 Touhy Ave, Niles, IL 60714"
1269,"160th Ave NE & NE 100th Way, Redmond, WA 98052"
1270," Philippi pike and Nutter street intersection , Clarksburg, WV 26301"
1271,"S. Machias Road @ OK Mill Road, Machias (Snohomish), WA 98290"
1272,"Midtown Greenway at Bloomington Ave, Minneapolis, MN 55409"
1273,"6745 Fairview Rd, Olympia, WA 98512"
1274,"23 Elm Street, Apt 101, Somerville, MA 02143"
1275,"Cabrillo and 14th Ave , San Francisco, CA 94118"
1276,"Chestnut and 20th King Soopers, Denver, CO 80202"
1277,"Cabrillo and 14th Ave , San Francisco, CA 94118"
1278,"Civic center, San Francisco, CA"
1279,"Zipps Liquor - Franklin and 27th Ave, Minneapolis, MN 55406"
1280,"720 Ralph McGill Blvd APT103, Atlanta, GA 30312"
1281,"5822 SE Reedway, Portland, OR 97206"
1282,"28th Frontage Rd and Aurora Ave, Boulder, CO 80303"
1283,"65000 E HWY 26, Welches, OR 97067"
1284,"65000 E HWY 26, Welches, OR 97067"
1285,"1282 Lendrum Court Apt B, San Francisco, CA 94129"
1286,"Arapahoe & 21st, Boulder, CO 80302"
1287,"tom mix drive, Du Bois, PA 15801-1406"
1288,"750 Republican Street, Seattlle, WA 98109"
1289,"4500 Carlye Ct, Santa Clara, CA 95054"
1290,"Jackson Street, Seattle, WA 98104"
1291,"5356 Prince Estates Cir, San Jose, CA 95135"
1292,"4006 Martin Luther Kind Jr Way, Oakland, CA 94609"
1293,"817 w Cornelia , Chicago, IL 60640"
1294,"Kansas st./18th st., San Francisco, CA 94107"
1295,"1550 7th Street, NW, District Of Columbia, DC 20001"
1296,"14th Ave. & Irving , San Francisco, CA 94122"
1297,"N Paulina Street and W Bloomingdale Ave, Chicago, IL 60622"
1298,"2121 SE Belmont St, #130, Portland, OR 97214"
1299,"Civic park, Denver, CO 80203"
1300,"1230 South Peal Street, Independence, MO 64055"
1301,"PO box151407, San Rafael, CA 94925"
1302,"512 Southridge Woods Blvd, Monmouth Junction, NJ 08852"
1303,"3400 Civic Center Blvd, PCAM, Philadelphia, PA 19104"
1304,"13th & Spruce, Boulder, CO 80304"
1305,"48th St. & Nevada Ave., Nashville, TN 37209"
1306,"48th St. & Nevada Ave., Nashville, TN 37209"
1307,"48th St. & Nevada Ave., Nashville, TN 37209"
1308,"48th St. & Nevada Ave., Nashville, TN 37209"
1309,"48th St. & Nevada Ave., Nashville, TN 37209"
1310,"3911 n 25th , Tacoma, WA"
1311,"188 Avenue A, NY, 10009, New York, NY 10009"
1312,"4176 east menlo, Wichita, KS 67218"
1313,"2233 W Division , Chicago, IL 60622"
1314,"660 E Wilmington Ave, B510, Salt Lake City, UT 84106"
1315,"60th and Lincoln Ave, West Allis, WI 53219"
1316,"Stater. Bros baseline and waterman, Sanbernardino,Ca, CA 92404"
1317,"3851 south taft hill rd springfield court apartments, Fort Collins, CO 80526"
1318,"Eagle Point Resort, Vail, CO 81657"
1319,"Stelling Rd / McClellan Rd, Cupertino, CA 95014"
1320,"1300 N. Second Street, Philadelphia, PA 19122"
1321,"126 N Berger Pkwy, Apt D4, Fond Du Lac, WI 54935-3070"
1322,"13725 32nd AVE NE APT B118, Seattle, WA 98125"
1323,"Renaissance Stapleton Hotel, Denver, CO 80207"
1324,"Larchmont Ave, Salt Lake City, UT 84109"
1325,"11th between Geary and Clement, San Francisco, CA 94118"
1326,"14th and Alabama, Indianapolis, IN 46225"
1327,"E 4600 S & Adams Ave, South Ogden, UT 84403"
1328,"UW Lightrail Station, Seattle, WA 98195"
1329,"3827 Overland Avenue (LA Fitness), Los Angeles, CA 90232"
1330,"3415 Pierce Street Apt 101, San Francisco, CA 94123"
1331,"Janns Rd and Moorpark Rd, Thousand Oaks, CA 91360"
1332,"Lakecreek pkwy and 183, Austin, TX 78729"
1333,"Walnut Trail Apartments, Portage, MI 49002"
1334,"500 N. 21st Street, Apt 820, Philadelphia, PA 19130"
1335,"Hunter and hopkins, Aspen, CO 81611"
1336,"Osan Air Force Base, South Korea, PA 00000"
1337,"315 Martin Luther King wy, Tacoma, WA 98405"
1338,"Greenwich and Grant, San Francisco, CA 94133"
1339,"2276 Washington Blvd Apt 403, Ogden, UT 84401"
1340,"3417 Tulane Drive, Hyattsville, MD 20783"
1341,"4134 Big Hungry Rd, Flat Rock, NC 28731"
1342,"E pennigton st & E toole, Tucson, AZ 85719"
1343,"Iconic Village Apartments, Boise, ID 83706"
1344,"Ustick and Maple Grove Area, Boise, ID 83704"
1345,"Grant Rd & 1st Ave, Tucson, AZ 85716"
1346,"7115 NE Prescott, Portland, OR 97218"
1347,"721 Depew street Apt4 , Lakewood, CO 80214"
1348,"Baseline and 29th, Boulder, CO 80303"
1349,"S Lafayette St & E Cedar Ave, Denver, CO 80209"
1350,"250 Southdale Mall - Shopping Center, Edina, MN 55439"
1351,"1310 5TH AVE, APT 2, San Francisco, CA 94122"
1352,"Morrison and the alameda, San Jose, CA 95126"
1353,"2405 ave n apt #A, Lubbock, TX 79411"
1354,"64th Ave and Francis St, Omaha, NE 68106"
1355,"450 mass ave nw , Washington, DC 20001"
1356,"12933 Centre Park Circ, Herndon, VA 20171"
1357,"Oak and Olive, Menlo Park, CA 94025"
1358,"India and Date , San Diego, CA 92101"
1359,"1869 South Pearl, Denver, CO 80210"
1360,"East Houston and 1st Ave, New York City, NY"
1361,"205 Red Oak Dr W, Unit J, Sunnyvale, CA 94086"
1362,"915 Dempster Street, apt 2w, Evanston, IL 60201"
1363,"4101 e Belleview st unit B, Phoenix, AZ 85008"
1364,"E Webster & N Prospect, Milwaukee, WI 53211"
1365,"Evergreen Park Neighborhood, Palo Alto, CA 94306"
1366,"1170 ocean parkwy, Brooklyn, NY 11230"
1367,"215 Willard North, San Francisco, CA 94118"
1368,"1720 SW 4th Ave Cyan PDX garage, Portland, OR 97201"
1369,"1202 Lakeview Blvd E Apt. 1, Seattle, WA 98102"
1370,"900 Bitner Road Building O Parking Lot, Park City, UT 84098"
1371,"Corner of Main and Vine, Richmond, VA 23221"
1372,"420 Delaware St SE, Minneapolis, MN 55455"
1373,"567 NE 8th St, Gresham, OR 97030, USA, Gresham, OR 970305649"
1374,"61 Allston St, Cambrigde, MA 03129"
1375,"1122-1312 Co Rd 119, Brooktondale, NY 14817"
1376,"1122-1312 Co Rd 119, Brooktondale, NY 14817"
1377,"611 Dairy Ashford, Houston, TX 77079"
1378,"1031 Crestview Drive, Apt, Mountain View, CA 94040"
1379,"Blake/18th, Denver, CO"
1380,"870 E El Camino Real #97, Mountain View, CA 94040"
1381,"East River Track, New York, NY 10009"
1382,"WES train station lockers, Barbur Avenue, Wilsonville, OR"
1383,"Washburn and Allen, North Las Vegas, NV 89031"
1384,"S Orange Blossom Trail & Morning Drive, Orlando, FL 32839"
1385,"Claredon and Newbury St, Boston, MA"
1386,"7525 Mallard Street, New Port Richey, FL 34654"
1387,"4575 west 11th ave Target , Eugene, OR 97402"
1388,"5055 S. Dorchester Ave., 101, Chicago, IL 60615"
1389,"915 NW 45th St, Seattle, WA 908107"
1390,"Yesler Ave. So. & 9th Ave., Seattle, WA 98124"
1391,"3400 25th Ave W Apt 302, Seattle, WA 98199"
1392,"220 Johnson St. Apt. 17B, Fall River, MA 02723"
1393,"10655 Lemon Ave #1804, Rancho Cucamonga, CA 91737"
1394,"900 E 9th St Apt 4, Muscatine, IA 52761"
1395,"462 2nd Ave Apt. 2, San Francisco, CA 94118"
1396,"Ballard 7-Eleven on Market Street, Seattle, WA 98107"
1397,"2700 Colorado Blvd Unit 14, Denton, TX 76210"
1398,"845 Ramona ST APT 625, Palo Alto, CA 94301"
1399,"1036-1000 Liebelt Ct, San Jose, CA 95126, San Jose, CA 95126"
1400,"Bedford and Metropolitan bike stand , Brooklyn, NY 11211"
1401,"Nova and Brentwood, Daytona Beach, FL 32117"
1402,"chesapeake street, NW DC, Washington, DC 20016"
1403,"2018 NW IRVING, Portland, OR 97209"
1404,"2018 NW IRVING, Portland, OR 97209"
1405,"Nw 99 av and 52 nd street , Doral, FL 33178"
1406,"4725 SE Division , Portland, OR 97206"
1407,"72nd and Aurora, Seattle, WA 91 / 3"
1408,"Long Island Rail Road, Stony Brook, NY 11790"
1409,"743 west cornelia , Chicago, IL 60657"
1410,"Se 14th ave and se stark st, Portland, OR 97214"
1411,"750 S Vance St, Lakewook, CO 80226"
1412,"Wall/Garland, Spokane, WA 99208"
1413,"5765 W Broadway, Missoula, MT 59808"
1414,"252 Redhill Ave, D, San Anselmo, CA 94960"
1415,"83st and 101st avenue , Ozone Park Queens, NY"
1416,"854 E holt ave, Bayview, WI"
1417,"1485 tchoupitulas st Unit 11218, New Orleans, LA 70130"
1418,"7018 e sprague, Spokane Valley, WA 99212"
1419,"Magnolia and Pacific Coast Highway , Huntington Beach, CA 92646"
1420,"127th & 45, Palos Park, IL"
1421,"BART Train, Oakland, CA"
